11311.8667295,31737522856.1,201294385655,17794975.0,17794975.0,-1.06,12.82,-9.73,21163.03237164,10687.54,11292.11,11292.11,11292.11
11266.9277396,31695429917.0,200494697453,17794975.0,17794975.0,-1.27,12.14,-10.19,20474.67173570,10720.62,11209.6,11209.6,11209.6
11195.0291804,31483762830.4,199215544265,17795000.0,17795000.0,-1.52,11.19,-10.86,20386.55755433,10726.60,11189.17,11189.17,11189.17
11111.4469123,31276905807.6,197728197804,17795000.0,17795000.0,-1.89,10.17,-11.63,20334.19146158,10738.09,11095.61,11095.61,11095.61
11093.4487082,31031898933.3,197407919762,17795000.0,17795000.0,-1.97,9.91,-11.81,20296.49449562,10744.79,11071.68,11071.68,11071.68
11028.3026987,31021171592.7,196248646523,17795000.0,17795000.0,-2.42,9.13,-12.42,20544.65098224,10752.69,11033.8,11033.8,11033.8
11075.6642002,31150084651.6,197092275117,17795075.0,17795075.0,-1.94,9.5,-12.12,20509.06310624,10757.11,11036.51,11036.51,11036.51
11076.6748493,31187653078.9,197110259694,17795075.0,17795075.0,-1.64,9.39,-12.19,20509.41511456,10760.00,11097.76,11097.76,11097.76
11080.6297375,31254790569.5,197180914242,17795100.0,17795100.0,-1.46,9.39,-12.2,20485.01232890,10763.90,11105.52,11105.52,11105.52
11081.7723203,31255485667.3,197201246617,17795100.0,17795100.0,-0.88,9.38,-12.26,20372.06573643,10768.81,11079.04,11079.04,11079.04
11180.8068267,30962827636.8,198963855082,17795125.0,17795125.0,0.7,10.39,-11.57,20522.01268915,10775.73,11221.76,11221.76,11221.76
11311.176306,31074262747.2,201283796262,17795125.0,17795125.0,2.08,11.71,-10.57,20684.47028616,10784.23,11374.59,11374.59,11374.59
11376.6945494,31342230953.9,202449986011,17795150.0,17795150.0,2.85,12.57,-10.11,20845.63085396,10789.67,11343.68,11343.68,11343.68
11387.7315738,31395429375.5,202646391516,17795150.0,17795150.0,2.97,12.73,-10.05,20852.52028808,10792.46,11364.69,11364.69,11364.69
11371.9065149,31419895500.8,202364782219,17795150.0,17795150.0,2.73,12.68,-10.26,20791.22822825,10797.54,11339.93,11339.93,11339.93
11332.0868987,31361833994.6,201656469478,17795175.0,17795175.0,2.33,12.41,-10.66,20790.44106197,10807.57,11320.52,11320.52,11320.52
11343.9115051,31430419769.4,201866890418,17795175.0,17795175.0,2.02,12.67,-10.66,20814.35387501,10811.05,11330.5,11330.5,11330.5
11366.6685595,31476200793.9,202272140350,17795200.0,17795200.0,1.39,12.98,-10.57,20721.40812933,10820.00,11373.2,11373.2,11373.2
11353.1481796,30929895131.9,202031542486,17795200.0,17795200.0,0.36,12.94,-10.76,20371.15992736,10838.32,11308.18,11308.18,11308.18
11315.3319975,30811914757.2,201359014629,17795237.0,17795237.0,-0.3,12.6,-11.08,20320.00807807,10845.01,11250.73,11250.73,11250.73
11269.5245485,30706852958.0,200543860218,17795237.0,17795237.0,-0.85,12.19,-11.48,20309.00112465,10849.78,11293.03,11293.03,11293.03
11299.5491057,30621036342.2,201078436818,17795262.0,17795262.0,-0.46,12.56,-11.31,19775.71735647,10883.86,11258.09,11258.09,11258.09
11230.6315979,30495062195.3,199852031710,17795262.0,17795262.0,-0.99,11.96,-11.92,19098.18682029,10919.10,11217.72,11217.72,11217.72
11205.2546703,30198355562.7,199400442635,17795262.0,17795262.0,-1.29,11.83,-12.2,18958.86074781,10932.89,11165.24,11165.24,11165.24
11200.3342157,29693156095.7,199313161864,17795287.0,17795287.0,-1.34,11.84,-12.28,18770.73646909,10944.82,11230.45,11230.45,11230.45
11258.9272054,29698621646.6,200355840932,17795287.0,17795287.0,-0.71,12.5,-11.91,18692.00843873,10950.99,11272.07,11272.07,11272.07
11316.8850655,29742886258.3,201387217687,17795287.0,17795287.0,-0.06,13.17,-11.53,18577.62306806,10959.62,11313.87,11313.87,11313.87
11303.4003476,29682582774.3,201147253261,17795287.0,17795287.0,0.07,13.12,-11.72,18547.58905147,10963.72,11269.78,11269.78,11269.78
11268.8748888,29662755672.7,200533009309,17795300.0,17795300.0,0.07,12.79,-12.08,18447.38638113,10969.91,11237.46,11237.46,11237.46
11294.036046,29653695222.1,200980759649,17795300.0,17795300.0,0.46,13.0,-11.93,18459.36692983,10973.99,11265.46,11265.46,11265.46
11314.6320062,29649065190.4,201347553806,17795325.0,17795325.0,0.88,13.08,-11.87,18539.07575222,10982.06,11387.91,11387.91,11387.91
11347.5093152,29556205665.3,201932616205,17795325.0,17795325.0,1.0,13.27,-11.71,18457.08277825,10987.95,11347.57,11347.57,11347.57
11375.8857316,29540084355.3,202437583757,17795325.0,17795325.0,0.9,13.19,-11.58,18483.79812017,10994.67,11409.54,11409.54,11409.54
11428.2402949,29688382201.3,203369535932,17795350.0,17795350.0,1.26,13.6,-11.23,18542.57007689,11000.88,11406.1,11406.1,11406.1
11420.8700763,29748401025.5,203238380312,17795350.0,17795350.0,1.18,13.28,-11.39,18572.25671251,11005.25,11393.17,11393.17,11393.17
11407.0394331,29706707117.2,202992829528,17795400.0,17795400.0,1.07,12.87,-11.6,18524.26470832,11012.61,11376.8,11376.8,11376.8
11406.186092,29733881720.5,202977643982,17795400.0,17795400.0,0.86,12.6,-11.71,18591.53934457,11017.43,11346.93,11346.93,11346.93
11296.8186656,29439196516.1,201031406882,17795400.0,17795400.0,-0.36,11.33,-12.66,18642.12790720,11025.98,11256.62,11256.62,11256.62
11312.8692143,29414826166.2,201317032816,17795400.0,17795400.0,-0.36,11.37,-12.6,18684.71122414,11031.09,11312.31,11312.31,11312.31
11314.6635198,29394955904.2,201349811800,17795475.0,17795475.0,-0.63,11.16,-12.69,18578.51772161,11038.25,11312.83,11312.83,11312.83
11355.4020568,29452144488.5,202074773417,17795475.0,17795475.0,-0.4,11.33,-12.48,18585.90887463,11041.60,11370.99,11370.99,11370.99
11367.5745444,29369206754.7,202291388616,17795475.0,17795475.0,-0.37,11.16,-12.48,18026.78256939,11067.64,11396.16,11396.16,11396.16
11369.7243615,29167062319.5,202330066312,17795512.0,17795512.0,-0.13,10.91,-12.49,18085.48641386,11080.28,11381.31,11381.31,11381.31
11430.294632,29227227786.0,203407945287,17795512.0,17795512.0,0.6,11.35,-12.03,17985.26650951,11092.38,11435.69,11435.69,11435.69
11410.4629205,28867135887.4,203055178163,17795525.0,17795525.0,0.64,10.84,-12.19,17799.70504652,11103.25,11407.31,11407.31,11407.31
11397.3676255,28756334599.4,202822140514,17795525.0,17795525.0,0.65,10.22,-12.29,17670.82756573,11109.79,11362.34,11362.34,11362.34
11392.6839044,28722189890.0,202739645689,17795600.0,17795600.0,0.49,10.01,-12.32,17639.45602573,11114.09,11421.51,11421.51,11421.51
11426.5436761,28744296405.7,203342200642,17795600.0,17795600.0,0.61,10.0,-12.04,17409.05446320,11127.72,11444.45,11444.45,11444.45
11439.4056148,28841661531.7,203571372544,17795625.0,17795625.0,0.61,9.96,-11.93,17262.42694116,11142.12,11432.09,11432.09,11432.09
11438.3242902,28831969853.5,203552129697,17795625.0,17795625.0,0.34,9.61,-11.94,17255.33247025,11145.15,11444.0,11444.0,11444.0
11450.3310953,28895070724.7,203765935702,17795637.0,17795637.0,0.36,9.41,-11.86,16977.54961331,11156.15,11453.17,11453.17,11453.17
11426.843423,28598783665.6,203347957612,17795637.0,17795637.0,0.16,8.87,-12.06,16906.74968733,11165.12,11359.44,11359.44,11359.44
11404.6267388,28607687848.2,202953167796,17795687.0,17795687.0,0.03,8.47,-12.26,16830.00036656,11169.96,11429.93,11429.93,11429.93
11428.6300203,28659412239.4,203380322680,17795687.0,17795687.0,0.14,8.53,-12.09,16727.84794485,11175.50,11395.35,11395.35,11395.35
11379.515485,28573713481.4,202506295783,17795687.0,17795687.0,-0.36,7.99,-12.47,17061.06443915,11179.41,11320.16,11320.16,11320.16
11316.5605086,28574486917.3,201385968728,17795687.0,17795687.0,-1.05,7.22,-12.95,17175.22451777,11182.15,11284.26,11284.26,11284.26
11292.8103719,28650779076.8,200963318729,17795687.0,17795687.0,-1.24,6.92,-13.13,17267.99020582,11185.55,11289.1,11289.1,11289.1
11293.1713298,28711408545.6,200969889034,17795700.0,17795700.0,-1.12,6.8,-13.12,17603.35254372,11188.50,11239.96,11239.96,11239.96
11265.6048405,28519213935.9,200479324060,17795700.0,17795700.0,-1.33,6.45,-13.33,17767.38335712,11191.52,11274.65,11274.65,11274.65
11291.4494096,28597014322.0,200939381756,17795712.0,17795712.0,-1.06,6.65,-13.13,17933.44170214,11197.71,11333.47,11333.47,11333.47
11327.0757082,28650522201.6,201573377105,17795712.0,17795712.0,-0.54,6.86,-12.88,17868.42120230,11201.72,11322.58,11322.58,11322.58
11301.6753043,28617032841.2,201121505755,17795725.0,17795725.0,-0.58,6.59,-13.09,17864.30819021,11206.78,11288.18,11288.18,11288.18
11299.1492799,28551478405.4,201076553319,17795725.0,17795725.0,-0.25,6.45,-13.14,17987.13155946,11209.99,11225.75,11225.75,11225.75
11250.8282849,28451813197.3,200216646180,17795725.0,17795725.0,-0.36,5.86,-13.54,17931.95131832,11211.96,11236.6,11236.6,11236.6
11142.0277599,28156746530.1,198281152763,17795787.0,17795787.0,-1.23,4.66,-14.41,18023.92195700,11214.23,11052.67,11052.67,11052.67
11139.068753,28237285575.0,198228494907,17795787.0,17795787.0,-1.29,4.54,-14.45,18047.87657288,11215.66,11135.92,11135.92,11135.92
11145.9521926,28375803124.4,198350991132,17795787.0,17795787.0,-1.34,4.44,-14.45,18038.46114735,11217.05,11123.61,11123.61,11123.61
11117.7117508,28345588312.4,197848430245,17795787.0,17795787.0,-1.67,4.01,-14.72,18077.42832951,11217.46,11093.18,11093.18,11093.18
11166.0608895,28458973312.1,198709265529,17795825.0,17795825.0,-1.19,4.38,-14.38,18054.93872088,11220.41,11169.84,11169.84,11169.84
11252.7011369,28670649905.1,200251100210,17795825.0,17795825.0,-0.15,5.04,-13.78,18047.05589430,11222.78,11210.96,11210.96,11210.96
11228.4949422,28675045243.0,199820746459,17795862.0,17795862.0,0.11,4.67,-14.02,18071.58596146,11224.61,11274.64,11274.64,11274.64
11230.3892602,28481008588.8,199854457481,17795862.0,17795862.0,0.48,4.54,-14.04,18039.67140097,11226.53,11207.59,11207.59,11207.59
11231.1139718,28524824671.7,199867354348,17795862.0,17795862.0,0.76,4.43,-14.08,17952.63226838,11229.31,11243.39,11243.39,11243.39
11248.5434002,28484894007.4,200177672282,17795875.0,17795875.0,0.93,4.52,-13.97,17873.15509718,11231.53,11208.41,11208.41,11208.41
11221.6613348,28412347326.9,199699282406,17795875.0,17795875.0,0.58,4.25,-14.18,17730.88097310,11235.50,11256.28,11256.28,11256.28
11297.978515,28541008657.9,201058543203,17795975.0,17795975.0,0.99,4.96,-13.61,17730.38418047,11236.73,11297.97,11297.97,11297.97
11311.9753441,28553119605.2,201307630424,17795975.0,17795975.0,0.72,5.09,-13.49,17700.62645107,11238.98,11300.9,11300.9,11300.9
11313.4042536,28313474577.8,201334043528,17796062.0,17796062.0,0.62,5.1,-13.47,17689.62172628,11240.23,11249.29,11249.29,11249.29
11275.0539004,28228979143.4,200651558265,17796062.0,17796062.0,0.28,4.71,-13.75,17639.00332313,11241.61,11272.13,11272.13,11272.13
11278.8265796,28251562930.2,200719407664,17796125.0,17796125.0,0.34,4.73,-13.71,17617.88204109,11242.59,11266.25,11266.25,11266.25
11289.7175328,28231590900.2,200913224428,17796125.0,17796125.0,0.42,4.81,-13.61,17524.72454529,11245.33,11313.63,11313.63,11313.63
11354.6818388,28297892380.3,202069337339,17796125.0,17796125.0,0.82,5.4,-13.11,17568.12351579,11247.65,11372.83,11372.83,11372.83
11380.4711319,28411228735.5,202528707900,17796162.0,17796162.0,0.8,5.62,-12.91,17558.26026098,11248.95,11409.15,11409.15,11409.15
11377.1535354,28479006271.3,202469815318,17796175.0,17796175.0,0.71,5.56,-12.93,17561.84590512,11252.19,11371.84,11371.84,11371.84
11390.4304632,28238011962.3,202706093848,17796175.0,17796175.0,0.87,5.68,-12.83,17403.53262815,11258.97,11369.92,11369.92,11369.92
11365.3435771,28168040584.7,202259643233,17796175.0,17796175.0,0.76,5.45,-13.03,17402.08996167,11260.29,11351.88,11351.88,11351.88
11366.2793758,28150688620.9,202276296871,17796175.0,17796175.0,0.73,5.47,-13.02,17381.61269246,11261.55,11377.68,11377.68,11377.68
11340.002451,28122313344.2,201808668118,17796175.0,17796175.0,0.21,5.21,-13.22,17324.32710904,11263.96,11335.23,11335.23,11335.23
11357.8709475,28150660716.1,202126795304,17796187.0,17796187.0,0.02,5.37,-13.09,17302.87605503,11265.99,11378.99,11378.99,11378.99
11374.473874,28191914393.7,202422264088,17796187.0,17796187.0,-0.07,5.55,-12.97,17303.79446248,11268.74,11384.93,11384.93,11384.93
11398.1411856,28259714427.0,202843736945,17796212.0,17796212.0,0.11,5.8,-12.79,17312.48827146,11269.55,11405.16,11405.16,11405.16
11394.0026923,28099436364.6,202770087441,17796212.0,17796212.0,0.14,5.83,-12.83,17307.45674765,11271.06,11427.33,11427.33,11427.33
11433.8783601,28150229317.4,203479723279,17796212.0,17796212.0,0.59,6.28,-12.54,17251.04610634,11275.10,11452.24,11452.24,11452.24
11501.0841751,28291904308.7,204676307264,17796262.0,17796262.0,1.3,6.93,-12.03,17602.01893312,11283.57,11728.11,11728.11,11728.11
11782.732486,29205330507.7,209688594397,17796262.0,17796262.0,3.73,9.5,-9.86,17979.39061633,11297.85,11897.15,11897.15,11897.15
11879.3878048,29644515925.5,211408852206,17796275.0,17796275.0,4.56,10.33,-9.11,18262.06277861,11308.96,11899.35,11899.35,11899.35
11874.8192127,29786287931.9,211327548284,17796275.0,17796275.0,4.36,10.09,-9.12,18696.37060954,11325.40,11935.98,11935.98,11935.98
11895.2059217,29915835198.8,211690355764,17796275.0,17796275.0,4.37,10.04,-8.92,18893.03201833,11333.49,11879.6,11879.6,11879.6
11854.9858515,29994427380.4,210974588334,17796275.0,17796275.0,3.82,9.43,-9.18,18940.27435847,11336.38,11909.13,11909.13,11909.13
11879.6158846,30124128183.7,211413208167,17796300.0,17796300.0,3.71,9.53,-8.97,18943.05687492,11339.60,11859.93,11859.93,11859.93
11902.2197707,30247885532.2,211815473705,17796300.0,17796300.0,2.7,9.47,-8.74,18995.24842299,11344.03,11978.37,11978.37,11978.37
11934.8491064,30457687157.2,212396155152,17796300.0,17796300.0,1.65,9.45,-8.44,19103.89437787,11350.38,11937.63,11937.63,11937.63
11948.5012721,30614653015.4,212639113189,17796300.0,17796300.0,0.67,9.27,-8.28,19199.81639152,11354.84,11950.98,11950.98,11950.98
11958.5501684,30767165189.0,212817946362,17796300.0,17796300.0,0.54,9.09,-8.15,19386.88432346,11364.96,11964.56,11964.56,11964.56
11986.6544597,30529177893.0,213318841934,17796362.0,17796362.0,0.77,9.23,-7.9,19328.27864941,11376.30,11993.83,11993.83,11993.83
11929.3058001,30526373529.7,212298244427,17796362.0,17796362.0,0.33,8.43,-8.28,19358.99511008,11386.30,11908.83,11908.83,11908.83
11921.6180174,30451266135.6,212162025944,17796412.0,17796412.0,0.19,8.04,-8.27,19218.01455135,11391.05,11910.19,11910.19,11910.19
11893.2173358,30349247289.4,211656595713,17796412.0,17796412.0,-0.2,7.5,-8.41,18948.45834253,11395.54,11871.35,11871.35,11871.35
11892.2993135,30356522571.4,211640710118,17796450.0,17796450.0,-0.41,7.26,-8.3,18928.00044700,11398.59,11896.71,11896.71,11896.71
11876.867755,30299197965.3,211366083158,17796450.0,17796450.0,-0.59,6.99,-8.35,18783.82858014,11401.20,11840.71,11840.71,11840.71
11854.9913263,30212001632.7,210976760389,17796450.0,17796450.0,-0.95,6.52,-8.38,18571.54013679,11405.69,11860.35,11860.35,11860.35
11848.4556421,29731283274.2,210860448412,17796450.0,17796450.0,-0.94,6.19,-8.3,18430.54590873,11407.53,11829.84,11829.84,11829.84
11839.9579929,29683737163.9,210709362502,17796462.0,17796462.0,-0.86,5.82,-8.25,18243.75991199,11410.44,11883.35,11883.35,11883.35
11886.6096604,29771765308.1,211539597130,17796462.0,17796462.0,-0.3,6.1,-7.82,18185.87309582,11411.76,11924.36,11924.36,11924.36
11898.1918696,29774137279.4,211745719476,17796462.0,17796462.0,0.01,5.97,-7.61,18000.84035379,11414.18,11882.11,11882.11,11882.11
11896.7390649,29664226587.8,211720614187,17796525.0,17796525.0,0.12,5.82,-7.49,17943.73679576,11416.99,11932.92,11932.92,11932.92
11921.0428013,29652234229.2,212153136239,17796525.0,17796525.0,0.42,5.95,-7.16,17981.55554699,11421.29,11922.41,11922.41,11922.41
11903.1064991,29363117898.1,211834075226,17796537.0,17796537.0,0.42,5.72,-7.16,18074.28966100,11428.41,11909.84,11909.84,11909.84
11917.0186915,29212013859.2,212081664073,17796537.0,17796537.0,0.53,5.81,-6.91,18003.83027430,11433.67,11960.58,11960.58,11960.58
11906.2478997,29188303788.5,211890731372,17796600.0,17796600.0,0.31,5.63,-6.85,18019.49476343,11437.53,11893.9,11893.9,11893.9
11903.1688041,29143609153.4,211835933939,17796600.0,17796600.0,0.21,5.57,-6.8,17866.18296865,11439.48,11909.28,11909.28,11909.28
11912.918779,29119050432.8,212009891120,17796637.0,17796637.0,0.14,5.63,-6.58,17733.94253433,11440.51,11920.54,11920.54,11920.54
11913.1322205,29115037529.7,212013689661,17796637.0,17796637.0,0.07,5.6,-6.5,17504.49481167,11443.28,11942.61,11942.61,11942.61
11923.6790725,29159756262.2,212201388158,17796637.0,17796637.0,0.1,5.67,-6.36,17149.59469337,11456.37,11932.76,11932.76,11932.76
11928.8070194,28873507496.6,212292803442,17796650.0,17796650.0,0.09,5.73,-6.24,17100.41977687,11462.38,11962.93,11962.93,11962.93
11934.1849033,28855675857.2,212388511759,17796650.0,17796650.0,0.17,5.8,-6.16,17034.11523197,11466.06,11935.49,11935.49,11935.49
11923.6213355,28836496793.0,212200658724,17796662.0,17796662.0,0.11,5.74,-6.18,16982.94349558,11467.30,11910.95,11910.95,11910.95
11867.128763,28826633261.7,211195279506,17796662.0,17796662.0,-0.32,5.26,-6.56,16997.60830826,11469.57,11860.82,11860.82,11860.82
11879.1092867,28870908494.5,211408944243,17796700.0,17796700.0,-0.3,5.35,-6.38,16920.71832234,11473.14,11880.44,11880.44,11880.44
11875.0678192,28870107959.8,211337019458,17796700.0,17796700.0,-0.36,5.29,-6.35,16790.59375818,11474.47,11902.95,11902.95,11902.95
11889.4008409,28895953953.0,211592694415,17796750.0,17796750.0,-0.32,5.27,-6.1,16714.64322094,11475.84,11896.36,11896.36,11896.36
11893.6071124,28688509115.4,211667552378,17796750.0,17796750.0,-0.3,5.26,-6.03,16592.76864606,11476.64,11877.41,11877.41,11877.41
11868.7763935,28668264793.0,211225646281,17796750.0,17796750.0,-0.46,4.93,-6.15,16493.99526763,11477.86,11876.79,11876.79,11876.79
11831.0323211,28673463986.5,210554657985,17796812.0,17796812.0,-0.63,4.48,-6.38,16450.04761688,11478.88,11854.14,11854.14,11854.14
11832.1615103,28694676029.4,210574753952,17796812.0,17796812.0,-0.47,4.36,-6.31,16510.89168923,11481.78,11756.49,11756.49,11756.49
11762.5135445,28692183687.2,209335395112,17796825.0,17796825.0,-1.0,3.67,-6.82,16529.13314943,11484.58,11690.57,11690.57,11690.57
11708.301798,28752354808.5,208370598146,17796825.0,17796825.0,-1.46,3.08,-7.2,16611.76129239,11486.64,11702.63,11702.63,11702.63
11687.0775623,28639911402.0,207993014383,17796837.0,17796837.0,-1.63,2.79,-7.3,16648.54964265,11488.51,11702.86,11702.86,11702.86
11693.3215692,28627727706.2,208104137956,17796837.0,17796837.0,-1.55,2.79,-7.21,16446.95356516,11489.68,11729.16,11729.16,11729.16
11687.7455095,28591644836.3,208005193924,17796862.0,17796862.0,-1.41,2.59,-7.12,16179.29245617,11490.67,11675.26,11675.26,11675.26
11711.0379751,28593418822.5,208419726720,17796862.0,17796862.0,-1.08,2.76,-6.89,15963.88876774,11490.78,11721.48,11721.48,11721.48
11695.5249096,28550350127.5,208143642834,17796862.0,17796862.0,-0.84,2.55,-6.92,15857.59714830,11490.72,11700.27,11700.27,11700.27
11676.0316307,28589184607.3,207797307441,17796912.0,17796912.0,-0.58,2.36,-6.98,15899.08628863,11491.61,11674.57,11674.57,11674.57
11664.3476721,28612823153.4,207589369058,17796912.0,17796912.0,-0.35,2.2,-6.98,15838.75603191,11492.34,11678.53,11678.53,11678.53
11701.6956881,28467258595.9,208254340954,17796937.0,17796937.0,0.0,2.49,-6.64,15824.91845226,11493.68,11702.78,11702.78,11702.78
11695.5318988,28494994809.8,208144644384,17796937.0,17796937.0,-0.05,2.36,-6.61,15773.77433688,11495.00,11694.61,11694.61,11694.61
11704.0896008,28502308488.0,208297390023,17796975.0,17796975.0,-0.05,2.41,-6.42,15781.16730053,11496.04,11724.19,11724.19,11724.19
11729.0231448,28571754935.5,208741131682,17796975.0,17796975.0,0.24,2.62,-6.09,15812.08859179,11497.22,11779.61,11779.61,11779.61
11780.381735,28755693792.5,209655159228,17796975.0,17796975.0,0.8,3.07,-5.55,15817.20792911,11498.38,11782.28,11782.28,11782.28
11797.4637986,28814338844.5,209959168287,17796975.0,17796975.0,0.97,3.23,-5.34,15862.75240836,11499.83,11806.75,11806.75,11806.75
11792.1886485,28856487494.0,209866017688,17797037.0,17797037.0,0.95,3.26,-5.23,15876.63468290,11500.93,11788.41,11788.41,11788.41
11801.6572172,28777449745.7,210034530156,17797037.0,17797037.0,0.97,3.45,-5.0,15730.35974228,11502.32,11810.87,11810.87,11810.87
11817.7482436,28842490863.6,210321647266,17797100.0,17797100.0,0.98,3.75,-4.72,15729.81600836,11504.96,11814.37,11814.37,11814.37
11767.700693,28900871921.6,209430946003,17797100.0,17797100.0,0.41,3.49,-4.97,15819.09576871,11507.85,11780.88,11780.88,11780.88
11777.5585593,28962137305.3,209606387436,17797100.0,17797100.0,0.39,3.67,-4.82,15804.05621768,11510.31,11748.57,11748.57,11748.57
11733.2139017,28932921014.5,208817615259,17797137.0,17797137.0,-0.27,3.46,-5.05,15516.39836835,11515.63,11714.75,11714.75,11714.75
11764.9403606,28981501842.2,209382255394,17797137.0,17797137.0,-0.17,4.01,-4.63,15474.53519916,11517.59,11750.48,11750.48,11750.48
11722.4339856,28782780985.8,208626349737,17797187.0,17797187.0,-0.57,3.73,-4.92,15514.54608724,11520.63,11676.88,11676.88,11676.88
11690.7442526,28856156682.0,208062361633,17797187.0,17797187.0,-0.84,3.64,-5.05,15516.66545346,11521.73,11678.6,11678.6,11678.6
11710.5630542,28924413941.0,208415080551,17797187.0,17797187.0,-0.68,4.01,-4.77,15519.28219159,11524.82,11724.98,11724.98,11724.98
11724.3880803,28980815835.5,208661127126,17797187.0,17797187.0,-0.52,4.24,-4.6,15459.15410483,11527.04,11729.89,11729.89,11729.89
11714.3656022,28906840553.2,208482907495,17797200.0,17797200.0,-0.39,4.28,-4.57,15270.39483803,11531.81,11707.85,11707.85,11707.85
11707.8130525,28958765648.3,208366290458,17797200.0,17797200.0,-0.38,4.24,-4.5,15239.04185837,11534.58,11735.13,11735.13,11735.13
11754.7328934,29009338398.1,209201332250,17797200.0,17797200.0,0.17,4.69,-4.01,15034.91099430,11541.26,11774.71,11774.71,11774.71
11751.14041,28693394390.2,209137537119,17797212.0,17797212.0,0.24,4.71,-3.92,15011.89379793,11547.00,11728.56,11728.56,11728.56
11725.692462,28567677238.0,208684634593,17797212.0,17797212.0,0.06,4.5,-4.07,14784.14690398,11562.23,11722.43,11722.43,11722.43
11722.8194922,28503630783.7,208634242278,17797275.0,17797275.0,0.06,4.49,-3.99,14723.24106441,11565.64,11751.08,11751.08,11751.08
11717.4930608,28521238549.3,208539446314,17797275.0,17797275.0,0.04,4.42,-3.91,14871.29282319,11569.38,11647.87,11647.87,11647.87
11675.4905179,28475537272.1,207792207394,17797300.0,17797300.0,-0.38,4.01,-4.12,14873.60263238,11571.99,11677.35,11677.35,11677.35
11677.1514842,28486633200.3,207821768110,17797300.0,17797300.0,-0.46,4.02,-3.98,14894.04925650,11573.18,11655.32,11655.32,11655.32
11667.4412251,28497293955.4,207648951715,17797300.0,17797300.0,-0.58,3.93,-3.99,14644.14542901,11579.77,11681.61,11681.61,11681.61
11682.9855251,28179632221.5,207925598286,17797300.0,17797300.0,-0.47,4.05,-3.72,14469.86301616,11583.91,11654.11,11654.11,11654.11
11686.0262888,28165594795.6,207979715670,17797300.0,17797300.0,-0.39,4.05,-3.54,14370.82352452,11586.31,11698.94,11698.94,11698.94
11666.082862,28161097495.2,207625068172,17797325.0,17797325.0,-0.39,3.85,-3.54,14450.26177313,11586.96,11571.1,11571.1,11571.1
11602.9146167,28184925182.6,206500842381,17797325.0,17797325.0,-0.82,3.23,-3.86,14463.90287095,11588.08,11576.53,11576.53,11576.53
11577.4202117,28232529184.4,206047249098,17797337.0,17797337.0,-0.93,2.96,-3.97,14418.42890609,11590.81,11541.17,11541.17,11541.17
11588.2291007,28296896961.4,206239618538,17797337.0,17797337.0,-0.73,2.94,-3.68,14403.70646510,11592.14,11619.78,11619.78,11619.78
11628.4992622,28173977439.1,206956610886,17797362.0,17797362.0,-0.38,3.17,-3.14,14379.65692334,11593.11,11655.72,11655.72,11655.72
11646.3143763,28259988486.6,207273672921,17797362.0,17797362.0,-0.28,3.23,-2.76,14388.69253120,11593.47,11623.94,11623.94,11623.94
11646.5713092,28294111485.2,207278688218,17797400.0,17797400.0,-0.22,3.18,-2.65,14344.90132730,11595.30,11660.91,11660.91,11660.91
11650.8554931,28294375938.1,207354935553,17797400.0,17797400.0,0.1,3.11,-2.39,14366.22158148,11596.45,11664.41,11664.41,11664.41
11704.6556423,28449098046.4,208312730945,17797425.0,17797425.0,0.86,3.5,-1.7,14499.49249729,11599.04,11770.13,11770.13,11770.13
11766.7609544,28556978823.4,209418045579,17797425.0,17797425.0,1.52,4.05,-0.95,14519.86103460,11600.70,11752.19,11752.19,11752.19
11734.8579028,28569039559.5,208850394229,17797437.0,17797437.0,1.09,3.75,-0.99,14421.91139425,11605.08,11755.1,11755.1,11755.1
11747.8204872,28406488288.1,209081095008,17797437.0,17797437.0,1.13,3.86,-0.76,14523.36277882,11607.93,11831.27,11831.27,11831.27
11804.7607181,28585756905.8,210094485180,17797437.0,17797437.0,1.46,4.33,-0.05,14559.67755647,11609.60,11815.96,11815.96,11815.96
11791.681901,28614393751.5,209862163841,17797475.0,17797475.0,1.21,4.18,0.04,14530.88205130,11611.03,11809.23,11809.23,11809.23
11768.949152,28607211558.7,209457578309,17797475.0,17797475.0,0.78,3.98,0.05,14522.24116896,11612.25,11786.36,11786.36,11786.36
11782.5689038,28635880651.1,209700411456,17797512.0,17797512.0,0.61,4.14,0.33,14552.88143685,11613.56,11787.77,11787.77,11787.77
11778.2347565,28697358493.2,209623274418,17797512.0,17797512.0,0.33,4.1,0.45,14534.19101944,11615.72,11758.36,11758.36,11758.36
11788.4409664,28737737037.5,209805072811,17797525.0,17797525.0,0.2,4.16,0.69,14425.46168702,11619.09,11797.26,11797.26,11797.26
11810.5468007,28513305141.7,210198501949,17797525.0,17797525.0,0.32,4.35,0.96,14464.04143636,11620.51,11830.01,11830.01,11830.01
11848.3409019,28632327709.1,210871285590,17797537.0,17797537.0,0.52,4.62,1.47,14416.25991433,11623.26,11857.06,11857.06,11857.06
11850.3058371,28681036290.9,210906256597,17797537.0,17797537.0,0.51,4.53,1.67,14397.91234618,11625.84,11841.28,11841.28,11841.28
11850.3747327,28700068403.8,210907482769,17797537.0,17797537.0,0.61,4.42,1.85,14411.71356906,11628.25,11859.59,11859.59,11859.59
11875.3833809,28723837681.6,211352575111,17797537.0,17797537.0,0.84,4.6,2.17,14519.09190517,11632.31,11898.98,11898.98,11898.98
11881.40498,28740644622.7,211459744744,17797537.0,17797537.0,0.82,4.58,2.51,14399.37675815,11636.29,11907.25,11907.25,11907.25
11900.2243216,28447690905.0,211794837375,17797550.0,17797550.0,0.89,4.71,2.77,14288.11526515,11640.67,11912.19,11912.19,11912.19
11893.6265151,28475659730.1,211677412584,17797550.0,17797550.0,0.64,4.57,2.89,14242.39686723,11643.26,11882.16,11882.16,11882.16
11858.0455713,28464980605.5,211044751860,17797600.0,17797600.0,0.19,4.18,2.77,14254.65955205,11644.24,11850.89,11850.89,11850.89
11852.3277181,28472775038.8,210942987796,17797600.0,17797600.0,0.07,4.1,2.82,14263.59382590,11646.26,11843.56,11843.56,11843.56
11852.0375262,28471588223.6,210937823076,17797600.0,17797600.0,-0.08,4.06,3.01,14341.07506010,11649.38,11903.72,11903.72,11903.72
11875.7145458,28579138438.1,211359217200,17797600.0,17797600.0,-0.0,4.25,3.43,14185.75691464,11656.29,11895.33,11895.33,11895.33
11856.3485361,28538316090.5,211014548706,17797600.0,17797600.0,-0.22,4.07,3.36,14111.81264498,11659.84,11857.95,11857.95,11857.95
11863.2998389,28345145475.6,211138704155,17797637.0,17797637.0,-0.15,4.13,3.67,14172.77962282,11663.29,11868.87,11868.87,11868.87
11850.4076436,28401226049.9,210909253543,17797637.0,17797637.0,-0.17,4.05,3.7,14206.35045888,11664.61,11865.0,11865.0,11865.0
11870.8710346,28452819979.7,211273750319,17797662.0,17797662.0,0.06,4.26,3.95,14167.97112457,11666.52,11865.98,11865.98,11865.98
11866.8201745,28495227286.7,211201654481,17797662.0,17797662.0,0.08,4.25,4.05,14149.60727437,11668.38,11884.63,11884.63,11884.63
11873.6440299,28501493888.6,211323399994,17797687.0,17797687.0,0.11,4.32,4.2,14013.79976870,11671.02,11878.19,11878.19,11878.19
11874.1713483,28478127592.7,211332785041,17797687.0,17797687.0,0.12,4.34,4.25,14049.94049648,11672.23,11777.85,11777.85,11777.85
11802.1866911,28337043097.9,210051624644,17797687.0,17797687.0,-0.42,3.73,3.8,14083.63343412,11673.44,11778.75,11778.75,11778.75
11830.0704465,28201957817.9,210547890995,17797687.0,17797687.0,-0.16,3.99,4.11,14093.02971496,11677.13,11780.83,11780.83,11780.83
11804.2029018,28289886430.5,210087508531,17797687.0,17797687.0,-0.44,3.81,4.01,14111.52490688,11678.21,11782.65,11782.65,11782.65
11797.3782983,28384786080.6,209966494674,17797725.0,17797725.0,-0.58,3.83,4.08,14123.39055889,11678.78,11778.3,11778.3,11778.3
11755.8336276,28337486820.3,209227094050,17797725.0,17797725.0,-1.0,3.58,3.83,13786.27673717,11689.60,11720.09,11720.09,11720.09
11736.6544727,28300050983.8,208886042141,17797750.0,17797750.0,-1.09,3.48,3.72,13704.07410508,11693.11,11743.16,11743.16,11743.16
11793.6146544,28349645380.5,209899805215,17797750.0,17797750.0,-0.48,4.1,4.32,13544.35779043,11698.46,11781.61,11781.61,11781.61
11816.1461083,28085921646.0,210301405206,17797800.0,17797800.0,-0.14,4.44,4.62,13159.04387891,11713.05,11814.23,11814.23,11814.23
11827.4497122,28097216525.1,210502584488,17797800.0,17797800.0,0.07,4.69,4.79,13002.57549629,11720.17,11840.91,11840.91,11840.91
11855.3010144,28170986076.1,210998869159,17797850.0,17797850.0,0.48,5.04,5.12,12753.08526437,11729.63,11839.37,11839.37,11839.37
11855.9331307,28172067298.5,211010119470,17797850.0,17797850.0,0.61,5.1,5.16,12733.58154623,11731.45,11851.14,11851.14,11851.14
11878.0647012,28234303844.1,211404607745,17797900.0,17797900.0,0.99,5.43,5.51,12666.58299067,11737.72,11884.72,11884.72,11884.72
11884.6554338,28248230139.4,211521908945,17797900.0,17797900.0,1.04,5.53,5.64,12492.38678473,11746.53,11864.39,11864.39,11864.39
11864.1126146,28193688587.4,211156289903,17797900.0,17797900.0,0.77,5.39,5.52,12500.58296808,11747.49,11872.12,11872.12,11872.12
11875.5800753,27725733907.4,211360980401,17797950.0,17797950.0,0.48,5.63,5.81,12293.70224604,11759.69,11879.52,11879.52,11879.52
11878.7297001,27670008723.4,211417037266,17797950.0,17797950.0,0.43,5.68,5.9,12225.98575494,11764.60,11876.13,11876.13,11876.13
11856.221511,27623193872.2,211016437642,17797950.0,17797950.0,-0.0,5.48,5.86,12222.47789101,11766.81,11828.99,11828.99,11828.99
11844.0237711,27699757934.1,210799342877,17797950.0,17797950.0,-0.17,5.37,5.79,12182.85182622,11770.58,11849.61,11849.61,11849.61
11851.8201234,27701289251.5,210938694556,17798000.0,17798000.0,-0.18,5.43,5.94,12132.31630447,11774.50,11852.99,11852.99,11852.99
11852.3143144,27610871519.4,210947490168,17798000.0,17798000.0,-0.18,5.44,6.01,12081.84994242,11777.17,11839.83,11839.83,11839.83
11838.8255634,27564910206.3,210707855414,17798037.0,17798037.0,-0.28,5.33,5.92,12011.29726401,11781.26,11831.46,11831.46,11831.46
11843.9402548,27320516806.4,210798886881,17798037.0,17798037.0,-0.22,5.38,6.01,11997.33659089,11782.60,11790.68,11790.68,11790.68
11808.5793176,27307349768.5,210169685124,17798050.0,17798050.0,-0.49,5.03,5.72,11995.70232734,11783.49,11785.56,11785.56,11785.56
11793.1430186,27293845054.4,209894949102,17798050.0,17798050.0,-0.58,4.82,5.6,11996.74941057,11784.20,11802.85,11802.85,11802.85
11822.5801312,27362836607.4,210418872304,17798050.0,17798050.0,-0.28,4.98,5.89,11969.02699530,11786.04,11833.99,11833.99,11833.99
11843.0321438,27415095225.4,210783316439,17798087.0,17798087.0,-0.07,5.04,6.12,11938.01164417,11787.77,11847.67,11847.67,11847.67
11847.4434474,27429235801.9,210861829204,17798087.0,17798087.0,-0.02,5.03,6.18,11901.24305317,11789.87,11843.51,11843.51,11843.51
11850.9605235,27313626065.2,210924722705,17798112.0,17798112.0,0.11,4.95,6.25,11896.22727272,11791.32,11831.3,11831.3,11831.3
11667.896188,27105184375.1,207666523158,17798112.0,17798112.0,-1.3,3.22,4.63,12313.14458771,11785.62,11631.25,11631.25,11631.25
11615.5637397,27158605330.5,206735255385,17798125.0,17798125.0,-1.66,2.7,4.19,12356.76292885,11785.52,11582.03,11582.03,11582.03
11614.6594174,27250572274.5,206719160143,17798125.0,17798125.0,-1.68,2.65,4.2,12361.32442622,11786.47,11595.12,11595.12,11595.12
11631.8950314,27279190125.7,207026212553,17798150.0,17798150.0,-1.63,2.73,4.43,12291.14586200,11789.80,11571.68,11571.68,11571.68
11634.0781312,27290386539.6,207065067691,17798150.0,17798150.0,-1.74,2.66,4.51,12325.72714980,11790.16,11695.89,11695.89,11695.89
11718.3842522,27458181469.2,208565701299,17798162.0,17798162.0,-0.91,3.3,5.34,12241.31876127,11793.16,11731.25,11731.25,11731.25
11697.9326598,27269553937.2,208201700544,17798162.0,17798162.0,-0.5,2.89,5.26,12248.63781965,11793.97,11679.2,11679.2,11679.2
11722.4515426,27304468427.9,208638091592,17798162.0,17798162.0,0.03,2.96,5.53,12245.89574833,11794.79,11725.29,11725.29,11725.29
11719.7885849,27375053911.0,208591434186,17798225.0,17798225.0,0.74,2.5,5.66,12259.89734214,11795.04,11681.84,11681.84,11681.84
11686.461206,27319482959.1,207998265998,17798225.0,17798225.0,0.5,2.06,5.41,12283.43837750,11795.10,11647.36,11647.36,11647.36
11662.2007798,27323944984.6,207566904975,17798262.0,17798262.0,0.13,1.54,5.26,12271.73477695,11796.35,11659.45,11659.45,11659.45
11683.8025969,27353626803.3,207951379776,17798262.0,17798262.0,0.1,1.43,5.53,12277.54434405,11797.33,11648.1,11648.1,11648.1
11657.7453879,27339770466.7,207488189630,17798312.0,17798312.0,-0.21,1.06,5.33,12267.97134135,11797.85,11595.51,11595.51,11595.51
11619.7818923,26909761061.1,206812503491,17798312.0,17798312.0,-0.78,0.42,5.05,12263.76391795,11798.49,11624.91,11624.91,11624.91
11675.200126,26964813107.4,207798854505,17798312.0,17798312.0,-0.34,0.63,5.62,12226.32051956,11800.26,11688.62,11688.62,11688.62
11670.9707827,26901892865.8,207723731056,17798325.0,17798325.0,-0.27,0.32,5.62,11695.98633759,11806.27,11673.65,11673.65,11673.65
11681.2438331,26611081255.6,207906574146,17798325.0,17798325.0,-0.02,0.13,5.72,11414.11912156,11805.16,11657.87,11657.87,11657.87
11646.6138762,26399023686.4,207290510083,17798350.0,17798350.0,-0.23,-0.32,5.41,11119.80756440,11802.45,11641.66,11641.66,11641.66
11643.3569026,26291546116.4,207232541327,17798350.0,17798350.0,-0.1,-0.62,5.39,10728.83658031,11793.25,11608.33,11608.33,11608.33
11638.9644738,25826218010.4,207154945290,17798400.0,17798400.0,-0.11,-0.91,5.35,10554.62156466,11791.43,11611.48,11611.48,11611.48
11338.372972,25641281679.7,201804897505,17798400.0,17798400.0,-2.72,-3.71,2.6,11296.14894442,11753.63,11196.09,11196.09,11196.09
11258.3663429,25746920436.9,200381188977,17798425.0,17798425.0,-3.53,-4.62,1.85,11420.35943137,11745.26,11204.69,11204.69,11204.69
11216.2387184,25777604137.0,199631383612,17798425.0,17798425.0,-3.92,-5.09,1.46,11393.04865542,11735.36,11183.23,11183.23,11183.23
11216.2041056,25835370658.7,199630767558,17798425.0,17798425.0,-3.84,-5.29,1.42,11351.31830337,11729.99,11163.84,11163.84,11163.84
11214.0012518,25872106133.3,199591560230,17798425.0,17798425.0,-3.7,-5.59,1.37,11352.68460873,11722.69,11115.53,11115.53,11115.53
11213.5026734,25905839169.6,199582966657,17798450.0,17798450.0,-3.44,-5.69,1.34,11186.05746436,11712.04,11167.53,11167.53,11167.53
11179.1732591,25629552510.0,198971956293,17798450.0,17798450.0,-2.66,-6.07,0.99,11267.45385185,11691.59,11019.34,11019.34,11019.34
11109.3490561,25607447935.4,197729193708,17798450.0,17798450.0,-2.7,-6.66,0.33,11159.17712387,11680.14,11138.7,11138.7,11138.7
11169.9600562,25769632135.6,198808388851,17798487.0,17798487.0,-0.63,-6.17,0.81,11197.77858078,11675.99,11162.29,11162.29,11162.29
11193.1250287,25849385161.0,199220690313,17798487.0,17798487.0,-0.3,-5.97,0.99,11269.49429723,11670.87,11170.66,11170.66,11170.66
11207.7214834,25901698326.1,199481191208,17798550.0,17798550.0,-0.08,-5.86,1.08,11273.88953876,11666.54,11198.37,11198.37,11198.37
11226.6904236,25982663606.9,199818810839,17798550.0,17798550.0,0.15,-5.72,1.2,11292.12753271,11663.67,11181.14,11181.14,11181.14
11203.1772344,25919882340.3,199401004762,17798612.0,17798612.0,0.28,-5.91,0.94,11221.64765993,11661.53,11151.9,11151.9,11151.9
11199.2927082,25705323337.4,199331865588,17798612.0,17798612.0,0.38,-5.93,0.86,11184.61597650,11660.38,11177.07,11177.07,11177.07
11218.2879888,25682589167.2,199670235674,17798637.0,17798637.0,0.61,-5.77,1.01,11160.59856323,11658.72,11203.54,11203.54,11203.54
11241.4941564,25758496318.6,200083273827,17798637.0,17798637.0,0.62,-5.56,1.14,11207.48212258,11655.25,11251.94,11251.94,11251.94
11263.1840811,25839435232.9,200469324924,17798637.0,17798637.0,0.59,-5.35,1.26,11152.30875487,11652.76,11232.45,11232.45,11232.45
11229.2927686,25832108370.1,199866813200,17798700.0,17798700.0,0.2,-5.62,0.88,11134.29065413,11647.75,11189.1,11189.1,11189.1
11229.7304019,25857205953.2,199874602504,17798700.0,17798700.0,0.22,-5.62,0.84,11001.51114891,11643.77,11222.89,11222.89,11222.89
11250.4912236,25724459631.7,200244399404,17798725.0,17798725.0,0.42,-5.45,0.96,10804.95563305,11636.00,11248.21,11248.21,11248.21
11271.9665283,25784624625.3,200626632446,17798725.0,17798725.0,0.59,-5.27,1.09,10737.41956486,11631.46,11229.38,11229.38,11229.38
11242.1265091,25707915303.1,200095653056,17798737.0,17798737.0,0.11,-5.51,0.74,10648.59360897,11627.83,11194.55,11194.55,11194.55
11218.6023487,25715136238.3,199676952712,17798737.0,17798737.0,-0.24,-5.72,0.43,10647.67504111,11626.93,11189.56,11189.56,11189.56
11232.2839781,25753525563.1,199921176069,17798800.0,17798800.0,-0.13,-5.62,0.49,10678.64778467,11625.14,11217.48,11217.48,11217.48
11220.8370506,25780037681.4,199717434496,17798800.0,17798800.0,-0.17,-5.73,0.27,10671.70420783,11621.60,11174.52,11174.52,11174.52
11166.10957,25750827506.3,198743630167,17798825.0,17798825.0,-0.63,-6.18,-0.33,10494.95674113,11613.16,11113.53,11113.53,11113.53
11137.6817057,25553981678.8,198237647585,17798825.0,17798825.0,-0.97,-6.39,-0.72,10462.53467591,11609.14,11080.51,11080.51,11080.51
11147.6227353,25682970508.9,198414586232,17798825.0,17798825.0,-0.88,-6.25,-0.77,10422.74085379,11606.56,11128.42,11128.42,11128.42
11166.0367247,25728859084.0,198742612757,17798850.0,17798850.0,-0.68,-6.06,-0.68,10421.23310181,11605.69,11107.68,11107.68,11107.68
11178.5913774,25732876102.8,198966071138,17798850.0,17798850.0,-0.45,-5.85,-0.72,10345.21196711,11601.48,11153.19,11153.19,11153.19
11190.0801529,25765510845.6,199170972162,17798887.0,17798887.0,-0.23,-5.66,-0.75,10417.15803938,11596.38,11155.25,11155.25,11155.25
11193.7704527,25639866824.8,199236655392,17798887.0,17798887.0,-0.02,-5.54,-0.85,10422.94245772,11595.42,11143.48,11143.48,11143.48
11175.6814611,25341652509.8,198914836758,17798900.0,17798900.0,0.06,-5.6,-1.15,10473.21837910,11591.80,11111.45,11111.45,11111.45
11105.3570444,25249086006.2,197663139498,17798900.0,17798900.0,-0.49,-6.15,-1.83,10538.49189496,11588.10,11095.39,11095.39,11095.39
11136.0694174,25330439673.4,198209785953,17798900.0,17798900.0,-0.18,-5.79,-1.69,10544.27018486,11586.98,11090.63,11090.63,11090.63
11134.8370452,25362868301.4,198188263073,17798937.0,17798937.0,-0.34,-5.69,-1.81,10544.28304786,11585.83,11105.46,11105.46,11105.46
11179.6890589,25416480876.1,198986581239,17798937.0,17798937.0,-0.02,-5.21,-1.52,10436.35585818,11581.78,11145.26,11145.26,11145.26
11191.879301,25367061558.1,199203554590,17798937.0,17798937.0,0.06,-5.0,-1.51,10367.42631661,11578.96,11171.47,11171.47,11171.47
11190.3901606,25321474608.6,199177049474,17798937.0,17798937.0,0.1,-4.96,-1.56,10254.18514016,11576.61,11158.86,11158.86,11158.86
11208.2794549,25026633225.9,199495740103,17798962.0,17798962.0,0.51,-4.72,-1.49,10248.98917007,11572.81,11190.6,11190.6,11190.6
11213.3770881,25042819588.5,199586472683,17798962.0,17798962.0,0.62,-4.65,-1.48,10265.68961492,11570.77,11176.71,11176.71,11176.71
11217.2996385,25034957420.8,199656850873,17799012.0,17799012.0,0.73,-4.54,-1.56,10240.97683857,11569.60,11175.15,11175.15,11175.15
11200.6171381,24982649169.8,199359918848,17799012.0,17799012.0,0.36,-4.64,-1.77,10241.84171340,11567.85,11164.26,11164.26,11164.26
11193.3379899,24982257082.4,199230357202,17799012.0,17799012.0,0.15,-4.65,-1.91,10328.87930106,11563.42,11161.28,11161.28,11161.28
11211.9266682,24961039182.8,199561217310,17799012.0,17799012.0,0.26,-4.48,-1.8,10243.81003481,11561.34,11189.46,11189.46,11189.46
11196.0792077,24941131684.9,199279148171,17799012.0,17799012.0,-0.02,-4.59,-2.04,10244.19719600,11558.71,11150.16,11150.16,11150.16
11149.6141758,24609747711.8,198452261455,17799025.0,17799025.0,-0.49,-4.96,-2.55,10259.58438468,11553.48,11097.19,11097.19,11097.19
11145.9067349,24622329819.9,198386272622,17799025.0,17799025.0,-0.59,-4.98,-2.67,10303.84701484,11548.52,11103.17,11103.17,11103.17
11148.2990249,24562148479.3,198429544246,17799087.0,17799087.0,-0.54,-4.97,-2.69,10319.16626903,11544.31,11139.35,11139.35,11139.35
11154.3353729,24586007744.8,198536985729,17799087.0,17799087.0,-0.44,-4.95,-2.72,10305.02789976,11540.09,11089.3,11089.3,11089.3
